{"cameraMode":{"drawMode":0,"name":"Shaded","section":"Shading Mode"},"sceneLighting":true,"audioPlay":false,"sceneViewState":{"showFog":false,"showMaterialUpdate":false,"showSkybox":false,"showFlares":false,"showImageEffects":false,"showParticleSystems":false},"in2DMode":false,"pivot":{"x":-16.11981201171875,"y":-0.5420475006103516,"z":5.2572526931762699},"rotation":{"x":-0.1360948234796524,"y":0.06444340944290161,"z":-0.008871921338140965,"w":-0.9885578155517578},"size":8.302972793579102,"orthographic":false}