{"cameraMode":{"drawMode":0,"name":"Shaded","section":"Shading Mode"},"sceneLighting":false,"audioPlay":false,"sceneViewState":{"showFog":false,"showMaterialUpdate":false,"showSkybox":false,"showFlares":false,"showImageEffects":false,"showParticleSystems":false},"in2DMode":false,"pivot":{"x":-1.4407602548599244,"y":-0.4137580394744873,"z":-2.9101014137268068},"rotation":{"x":0.03194450959563255,"y":-0.9680466651916504,"z":0.17796579003334046,"w":0.1737627536058426},"size":9.205121040344239,"orthographic":false}