{"cameraMode":{"drawMode":0,"name":"Shaded","section":"Shading Mode"},"sceneLighting":false,"audioPlay":false,"sceneViewState":{"showFog":false,"showMaterialUpdate":false,"showSkybox":false,"showFlares":false,"showImageEffects":false,"showParticleSystems":false},"in2DMode":false,"pivot":{"x":-0.639830470085144,"y":0.6816929578781128,"z":0.14927971363067628},"rotation":{"x":-0.1228136494755745,"y":-0.26541867852211,"z":0.03410905599594116,"w":-0.9556705951690674},"size":1.2758898735046387,"orthographic":false}